-- 星落宠物用品销售网站 - 演示数据脚本
-- 本脚本用于快速填充测试数据，便于系统演示和测试

USE petshop;

-- ============================================
-- 1. 插入用户数据
-- ============================================

-- 管理员用户
INSERT INTO user (username, password, nickname, email, phone, avatar, address, role, status) VALUES
('admin', 'admin123', '系统管理员', 'admin@petshop.com', '13800000000', 'https://via.placeholder.com/150', '北京市朝阳区', 'ADMIN', 1);

-- 普通用户
INSERT INTO user (username, password, nickname, email, phone, avatar, address, role, status) VALUES
('user1', 'user123', '张三', 'user1@petshop.com', '13811111111', 'https://via.placeholder.com/150', '北京市朝阳区建国路1号', 'USER', 1),
('user2', 'user123', '李四', 'user2@petshop.com', '13822222222', 'https://via.placeholder.com/150', '上海市浦东新区世纪大道1号', 'USER', 1),
('user3', 'user123', '王五', 'user3@petshop.com', '13833333333', 'https://via.placeholder.com/150', '深圳市南山区科技园路1号', 'USER', 1),
('user4', 'user123', '赵六', 'user4@petshop.com', '13844444444', 'https://via.placeholder.com/150', '杭州市西湖区文一路1号', 'USER', 1),
('user5', 'user123', '孙七', 'user5@petshop.com', '13855555555', 'https://via.placeholder.com/150', '成都市高新区天府大道1号', 'USER', 1);

-- 店家用户
INSERT INTO user (username, password, nickname, email, phone, avatar, address, role, status) VALUES
('shop1', 'shop123', '宠物用品旗舰店', 'shop1@petshop.com', '13900000001', 'https://via.placeholder.com/150', '北京市朝阳区', 'SHOP', 1),
('shop2', 'shop123', '萌宠乐园', 'shop2@petshop.com', '13900000002', 'https://via.placeholder.com/150', '上海市浦东新区', 'SHOP', 1),
('shop3', 'shop123', '宠物天堂', 'shop3@petshop.com', '13900000003', 'https://via.placeholder.com/150', '深圳市南山区', 'SHOP', 1);

-- ============================================
-- 2. 插入宠物档案数据
-- ============================================

INSERT INTO pet (user_id, name, species, age, gender, avatar) VALUES
(2, '小白', '狗', 2, '公', 'https://via.placeholder.com/150'),
(2, '花花', '猫', 1, '母', 'https://via.placeholder.com/150'),
(3, '旺财', '狗', 3, '公', 'https://via.placeholder.com/150'),
(4, '咪咪', '猫', 2, '母', 'https://via.placeholder.com/150'),
(5, '豆豆', '狗', 1, '公', 'https://via.placeholder.com/150'),
(6, '球球', '猫', 4, '公', 'https://via.placeholder.com/150');

-- ============================================
-- 3. 插入商品分类数据
-- ============================================

INSERT INTO category (name, sort_order) VALUES
('狗粮', 1),
('猫粮', 2),
('狗玩具', 3),
('猫玩具', 4),
('宠物护理', 5),
('宠物服装', 6),
('宠物床垫', 7),
('宠物用品', 8);

-- ============================================
-- 4. 插入店铺数据
-- ============================================

INSERT INTO shop (user_id, name, description, logo, contact, status) VALUES
(7, '宠物用品旗舰店', '专业宠物用品销售，品质保证，价格优惠', 'https://via.placeholder.com/200', '010-12345678', 1),
(8, '萌宠乐园', '萌宠乐园是一家专业的宠物用品销售店，提供各类宠物食品、玩具和护理用品', 'https://via.placeholder.com/200', '021-87654321', 1),
(9, '宠物天堂', '宠物天堂致力于为宠物主人提供最好的宠物用品和服务', 'https://via.placeholder.com/200', '0755-11223344', 1);

-- ============================================
-- 5. 插入商品数据
-- ============================================

-- 店铺1的商品
INSERT INTO product (shop_id, category_id, name, description, price, stock, image, status, sales) VALUES
(1, 1, '皇家狗粮 - 成犬粮 2kg', '高品质狗粮，营养均衡，适合成年犬', 89.90, 100, 'https://via.placeholder.com/300', 1, 50),
(1, 1, '冠能狗粮 - 幼犬粮 1kg', '专为幼犬设计，含有DHA和ARA，促进大脑发育', 59.90, 80, 'https://via.placeholder.com/300', 1, 30),
(1, 2, '伟嘉猫粮 - 成猫粮 1.2kg', '营养全面，适口性好，猫咪喜爱', 49.90, 120, 'https://via.placeholder.com/300', 1, 45),
(1, 3, '狗狗玩具球 - 橡胶球', '耐咬耐用，适合各种大小的狗狗', 19.90, 200, 'https://via.placeholder.com/300', 1, 100),
(1, 4, '猫咪逗猫棒 - 羽毛款', '激发猫咪的狩猎本能，增加运动量', 29.90, 150, 'https://via.placeholder.com/300', 1, 60),
(1, 5, '宠物洗澡液 - 温和配方', '温和不刺激，适合敏感肌肤', 39.90, 100, 'https://via.placeholder.com/300', 1, 40),
(1, 6, '狗狗衣服 - 冬季保暖', '保暖舒适，时尚设计，多种尺码', 79.90, 80, 'https://via.placeholder.com/300', 1, 25),
(1, 7, '宠物床垫 - 记忆棉', '舒适透气，有效保护宠物关节', 199.90, 50, 'https://via.placeholder.com/300', 1, 15);

-- 店铺2的商品
INSERT INTO product (shop_id, category_id, name, description, price, stock, image, status, sales) VALUES
(2, 1, '美士狗粮 - 小型犬粮 1.5kg', '专为小型犬设计，营养丰富', 69.90, 90, 'https://via.placeholder.com/300', 1, 35),
(2, 2, '希尔斯猫粮 - 泌尿系统护理', '特殊配方，保护猫咪泌尿系统健康', 99.90, 60, 'https://via.placeholder.com/300', 1, 20),
(2, 3, '狗狗飞盘 - 软胶材质', '安全柔软，适合户外运动', 24.90, 180, 'https://via.placeholder.com/300', 1, 70),
(2, 4, '猫咪玩具鼠 - 仿真款', '逼真设计，激发猫咪捕猎欲望', 15.90, 250, 'https://via.placeholder.com/300', 1, 120),
(2, 5, '宠物梳子 - 脱毛专用', '有效去除浮毛，保持毛发健康', 34.90, 120, 'https://via.placeholder.com/300', 1, 55),
(2, 8, '宠物零食 - 鸡肉干', '天然鸡肉，无添加，营养丰富', 44.90, 150, 'https://via.placeholder.com/300', 1, 80);

-- 店铺3的商品
INSERT INTO product (shop_id, category_id, name, description, price, stock, image, status, sales) VALUES
(3, 1, '渴望狗粮 - 无谷粮 2kg', '高蛋白无谷配方，适合各种犬种', 129.90, 70, 'https://via.placeholder.com/300', 1, 28),
(3, 2, '爱慕思猫粮 - 室内猫粮 1kg', '低脂肪配方，适合室内猫', 59.90, 100, 'https://via.placeholder.com/300', 1, 42),
(3, 3, '狗狗绳球玩具 - 棉绳款', '天然棉绳，可清洁牙齿', 22.90, 160, 'https://via.placeholder.com/300', 1, 65),
(3, 4, '猫咪隧道玩具 - 折叠款', '可折叠收纳，增加猫咪活动空间', 49.90, 80, 'https://via.placeholder.com/300', 1, 35),
(3, 5, '宠物指甲剪 - 专业款', '安全设计，轻松修剪宠物指甲', 59.90, 90, 'https://via.placeholder.com/300', 1, 30),
(3, 7, '宠物窝 - 蒙古包款', '温暖舒适，冬季必备', 149.90, 60, 'https://via.placeholder.com/300', 1, 18);

-- ============================================
-- 6. 插入购物车数据
-- ============================================

INSERT INTO cart (user_id, product_id, quantity) VALUES
(2, 1, 1),
(2, 4, 2),
(3, 2, 1),
(4, 5, 1),
(5, 3, 2);

-- ============================================
-- 7. 插入订单数据
-- ============================================

INSERT INTO orders (order_no, user_id, shop_id, total_amount, status, receiver_name, receiver_phone, receiver_address, pay_time, ship_time) VALUES
('ORD20241119001', 2, 1, 179.80, 3, '张三', '13811111111', '北京市朝阳区建国路1号', '2024-11-18 10:30:00', '2024-11-18 14:00:00'),
('ORD20241119002', 3, 1, 89.90, 2, '李四', '13822222222', '上海市浦东新区世纪大道1号', '2024-11-18 11:00:00', '2024-11-18 15:30:00'),
('ORD20241119003', 4, 2, 99.90, 1, '王五', '13833333333', '深圳市南山区科技园路1号', '2024-11-18 12:00:00', NULL),
('ORD20241119004', 5, 3, 129.90, 0, '赵六', '13844444444', '杭州市西湖区文一路1号', NULL, NULL),
('ORD20241119005', 6, 2, 149.80, 3, '孙七', '13855555555', '成都市高新区天府大道1号', '2024-11-17 09:00:00', '2024-11-17 13:00:00');

-- ============================================
-- 8. 插入订单明细数据
-- ============================================

INSERT INTO order_item (order_id, product_id, product_name, product_image, price, quantity, subtotal) VALUES
(1, 1, '皇家狗粮 - 成犬粮 2kg', 'https://via.placeholder.com/300', 89.90, 1, 89.90),
(1, 4, '狗狗玩具球 - 橡胶球', 'https://via.placeholder.com/300', 19.90, 2, 39.80),
(2, 2, '冠能狗粮 - 幼犬粮 1kg', 'https://via.placeholder.com/300', 59.90, 1, 59.90),
(2, 5, '猫咪逗猫棒 - 羽毛款', 'https://via.placeholder.com/300', 29.90, 1, 29.90),
(3, 7, '美士狗粮 - 小型犬粮 1.5kg', 'https://via.placeholder.com/300', 69.90, 1, 69.90),
(3, 10, '希尔斯猫粮 - 泌尿系统护理', 'https://via.placeholder.com/300', 99.90, 1, 99.90),
(4, 13, '渴望狗粮 - 无谷粮 2kg', 'https://via.placeholder.com/300', 129.90, 1, 129.90),
(5, 11, '爱慕思猫粮 - 室内猫粮 1kg', 'https://via.placeholder.com/300', 59.90, 1, 59.90),
(5, 15, '宠物指甲剪 - 专业款', 'https://via.placeholder.com/300', 59.90, 1, 59.90),
(5, 17, '宠物窝 - 蒙古包款', 'https://via.placeholder.com/300', 149.90, 1, 149.90);

-- ============================================
-- 9. 插入商品评价数据
-- ============================================

INSERT INTO review (user_id, product_id, order_id, rating, content, create_time) VALUES
(2, 1, 1, 5, '狗狗很喜欢吃，毛发变得更光亮了，推荐！', '2024-11-18 16:00:00'),
(2, 4, 1, 4, '玩具质量不错，狗狗很喜欢，就是有点贵', '2024-11-18 16:05:00'),
(3, 2, 2, 5, '幼犬粮营养全面，小狗吃了长得很快', '2024-11-18 17:00:00'),
(4, 7, 3, 4, '狗粮质量好，狗狗吃了精神很好', '2024-11-18 18:00:00'),
(6, 11, 5, 5, '猫粮很不错，猫咪很喜欢吃，会继续购买', '2024-11-18 19:00:00');

-- ============================================
-- 10. 插入社区帖子数据
-- ============================================

INSERT INTO community_post (user_id, title, content, likes, views, status) VALUES
(2, '分享我的狗狗成长记录', '我的小白从3个月大开始养，现在已经2岁了。通过合理的饮食和运动，小白现在身体健康，毛发光亮。希望能和大家分享养狗的经验。', 15, 120, 0),
(3, '猫咪冬季护理小贴士', '冬季来临，猫咪容易感冒。我总结了一些护理经验：1. 保持室内温度；2. 定期梳毛；3. 增加营养。希望对大家有帮助。', 22, 180, 0),
(4, '宠物用品推荐', '最近买了很多宠物用品，今天给大家推荐几个性价比高的产品。', 8, 95, 0),
(5, '狗狗训练经验分享', '养狗3年，总结了一些训练技巧。今天分享给大家，希望能帮助新手铲屎官。', 18, 150, 0),
(6, '我的猫咪日常', '分享我家猫咪的日常生活，每天都很有趣。', 12, 110, 0);

-- ============================================
-- 11. 插入社区评论数据
-- ============================================

INSERT INTO community_reply (post_id, user_id, content) VALUES
(1, 3, '你的小白真漂亮！我也想养一只狗狗，能分享一下养狗的成本吗？'),
(1, 4, '很好的分享，我也在养狗，深有同感。'),
(2, 2, '感谢分享，冬季确实要注意猫咪的保暖。'),
(2, 5, '请问有推荐的猫粮吗？'),
(3, 6, '能具体说说是哪些产品吗？'),
(4, 2, '很有用的经验，谢谢分享！'),
(5, 3, '你的猫咪真可爱！');

-- ============================================
-- 12. 插入帖子点赞数据
-- ============================================

INSERT INTO post_like (post_id, user_id) VALUES
(1, 3), (1, 4), (1, 5), (1, 6),
(2, 2), (2, 4), (2, 5), (2, 6),
(3, 2), (3, 4), (3, 5),
(4, 2), (4, 3), (4, 5), (4, 6),
(5, 2), (5, 3), (5, 4);

-- ============================================
-- 13. 插入优惠券数据
-- ============================================

INSERT INTO coupon (shop_id, name, discount_amount, min_amount, total_count, used_count, start_time, end_time, status) VALUES
(1, '新用户优惠券', 10.00, 50.00, 100, 5, '2024-11-01', '2024-12-31', 1),
(1, '满100减20', 20.00, 100.00, 50, 2, '2024-11-01', '2024-12-31', 1),
(2, '首次购物优惠', 15.00, 60.00, 80, 3, '2024-11-01', '2024-12-31', 1),
(2, '会员专享', 25.00, 150.00, 30, 1, '2024-11-01', '2024-12-31', 1),
(3, '双十一优惠', 30.00, 100.00, 100, 8, '2024-11-01', '2024-11-30', 1);

-- ============================================
-- 14. 插入用户优惠券数据
-- ============================================

INSERT INTO user_coupon (user_id, coupon_id, order_id, status, receive_time, use_time) VALUES
(2, 1, 1, 1, '2024-11-18 09:00:00', '2024-11-18 10:30:00'),
(3, 1, 2, 1, '2024-11-18 10:00:00', '2024-11-18 11:00:00'),
(4, 3, 3, 1, '2024-11-18 11:00:00', '2024-11-18 12:00:00'),
(5, 5, NULL, 0, '2024-11-18 12:00:00', NULL),
(6, 2, 5, 1, '2024-11-17 08:00:00', '2024-11-17 09:00:00'),
(2, 2, NULL, 0, '2024-11-18 09:30:00', NULL),
(3, 3, NULL, 0, '2024-11-18 10:30:00', NULL);

-- ============================================
-- 15. 插入浏览历史数据
-- ============================================

INSERT INTO browse_history (user_id, product_id, create_time) VALUES
(2, 1, '2024-11-18 08:00:00'),
(2, 2, '2024-11-18 08:15:00'),
(2, 4, '2024-11-18 08:30:00'),
(3, 2, '2024-11-18 09:00:00'),
(3, 5, '2024-11-18 09:15:00'),
(4, 7, '2024-11-18 10:00:00'),
(4, 10, '2024-11-18 10:15:00'),
(5, 13, '2024-11-18 11:00:00'),
(6, 11, '2024-11-18 12:00:00'),
(6, 15, '2024-11-18 12:15:00');

-- ============================================
-- 数据统计
-- ============================================

-- 查看数据统计
SELECT '用户总数' as 统计项, COUNT(*) as 数量 FROM user
UNION ALL
SELECT '宠物档案数', COUNT(*) FROM pet
UNION ALL
SELECT '店铺数', COUNT(*) FROM shop
UNION ALL
SELECT '商品分类数', COUNT(*) FROM category
UNION ALL
SELECT '商品总数', COUNT(*) FROM product
UNION ALL
SELECT '订单总数', COUNT(*) FROM orders
UNION ALL
SELECT '社区帖子数', COUNT(*) FROM community_post
UNION ALL
SELECT '优惠券数', COUNT(*) FROM coupon;

-- ============================================
-- 演示数据说明
-- ============================================
/*
本演示数据包含：
- 1个管理员用户
- 5个普通用户
- 3个店家用户
- 6个宠物档案
- 8个商品分类
- 3个店铺
- 17个商品
- 5个订单（包含不同状态）
- 5条商品评价
- 5个社区帖子
- 7条社区评论
- 5个优惠券
- 7个用户优惠券记录
- 10条浏览历史

用户登录信息：
- 管理员：admin / admin123
- 普通用户：user1-user5 / user123
- 店家：shop1-shop3 / shop123

可用于演示的场景：
1. 用户注册和登录
2. 浏览商品和搜索
3. 添加购物车和下单
4. 订单管理和支付
5. 商品评价
6. 社区互动
7. 店家管理
8. 管理员后台操作
*/
